WT residue type,chain ID,Residue #,G,A,V,L,I,M,F,W,P,S,T,C,Y,N,Q,D,E,K,R,H
C,A,3,5.06789,4.93241,6.14914,5.00813,5.5195,4.78095,5.05664,5.01492,5.56846,5.47491,6.25561,-0.02291,5.11235,4.91083,4.89099,5.28518,5.1247,4.76014,4.71051,5.35125
I,A,5,-1.17799,-0.72775,-0.05676,-0.72489,-0.01571,-0.44922,-0.55073,-0.22783,-1.25806,-1.18119,-0.65372,-0.22714,-0.28512,-0.8956,-0.69649,-1.5609,-0.97939,-0.65475,-0.611,-0.10036
T,A,6,1.21369,-0.11386,-1.01149,-0.9636,-1.53374,-1.01872,-0.56671,0.1861,-0.23646,0.97078,0.00195,0.56754,-0.19686,-0.08298,-0.00622,2.30603,1.40082,-0.61907,-0.41069,0.97687
Q,A,8,1.70382,0.58735,1.13133,-0.14716,0.37174,-0.54442,0.4394,0.00413,-0.50556,0.89163,1.06272,1.42444,0.45205,0.90487,-0.0,-0.25466,-0.56693,-0.01015,0.34557,1.06368
E,A,9,1.21138,0.07559,0.06213,-0.78671,-0.58291,-0.92471,-0.15898,-0.16488,-0.1992,1.11249,0.99298,0.74829,-0.03477,0.84953,-0.10934,0.02457,-0.05971,-0.16979,0.40883,0.59948
I,A,10,5.85988,3.74565,1.31336,0.95772,-0.00093,1.70696,9.61402,21.74354,7.58696,4.20286,3.34197,3.56291,17.02034,4.6047,4.68125,6.46303,5.59384,7.28942,9.53467,9.35132
I,A,11,3.92673,2.68078,1.21891,-0.12753,-0.02738,1.517,1.28181,1.79203,7.302,4.25177,3.18129,3.05635,1.48302,2.6563,3.09527,3.56863,3.32533,3.25498,2.96913,3.69222
K,A,12,0.93762,0.26455,0.61712,-0.25221,-0.03723,-0.58101,-0.16733,-0.16233,3.14311,0.8351,1.00871,0.84376,-0.00015,0.80569,0.09885,0.72535,0.20484,-0.00375,0.24007,0.70647
T,A,13,2.93263,1.21709,0.05728,-0.49559,-0.50539,0.01163,0.18373,3.18721,4.09655,1.60545,-0.00029,1.63547,0.9572,3.50355,2.65974,3.83975,2.06115,2.3085,2.49927,4.19855
N,A,15,1.38177,0.44418,0.63025,-0.33525,-0.14906,-0.33548,-0.30876,1.11111,4.24946,0.5217,1.14693,1.06222,0.16178,-0.00187,-0.03998,0.71346,0.19811,0.32653,0.79174,0.1085
E,A,26,0.54131,0.38067,0.74445,-0.5562,0.23144,-0.56031,-0.11352,0.17975,2.18082,-0.06499,0.52088,-0.15832,-0.09599,0.05052,0.1214,0.09177,-0.00222,-0.17869,0.06638,0.31879
T,A,28,0.44454,0.01581,-0.18621,-1.08586,-0.0971,-0.91599,-1.33515,-0.56024,-0.50004,0.25656,0.00024,-0.03719,-1.16838,0.27768,-0.68402,0.60832,-0.13075,-1.03499,-0.43015,-0.01386
R,A,53,2.04322,0.85372,1.93421,0.12849,3.00859,0.39918,1.22408,2.5052,8.34349,1.76364,0.91092,1.79515,1.42392,1.2177,0.79035,2.85502,1.72133,0.15761,-0.0,1.8131
R,A,64,2.10563,1.10575,1.6815,0.82221,2.09165,0.74101,1.26225,1.13151,1.45938,1.29645,1.74761,1.82139,1.27075,1.15502,1.09702,2.19811,1.76193,0.6032,-0.02152,1.28492
R,A,81,0.97568,0.02593,0.31883,-0.42885,-0.29865,-0.73395,-0.4892,-0.32014,3.24921,0.24867,0.11564,0.74278,-0.27817,-0.13846,-0.34098,0.3084,-0.15674,-0.16686,-0.009,0.17058
F,A,82,2.81164,1.10007,3.21221,-0.13462,2.59456,0.18888,-0.01395,0.32242,5.53155,2.03181,3.02676,1.77419,0.48546,2.05988,1.22507,2.55231,2.34964,1.24706,1.61666,2.27388
R,A,85,1.44282,0.35495,0.35606,-0.38417,-0.48669,-0.72522,-0.28221,0.11008,3.59658,1.1074,1.06708,0.9214,-0.1144,0.32764,-0.1365,0.89687,0.61247,0.08407,-0.03888,0.6947
D,A,87,0.58806,-1.23037,-0.83807,0.27466,0.10247,0.58867,1.70897,2.64509,5.33407,-0.19393,-0.92423,-0.90048,1.33114,-1.44933,2.72009,-0.06123,1.59202,1.48583,1.91541,10.11834
R,A,88,0.75331,0.05346,0.58107,-0.2594,0.0327,-0.22751,-0.22957,-0.24776,4.60469,0.8377,0.75599,1.00943,-0.14651,0.29556,-0.20219,0.70631,0.22534,0.0148,-0.00274,0.32288
N,A,89,1.71328,-0.05446,1.52349,-2.21457,0.88742,-1.03859,-1.46892,-0.4913,1.77495,1.33688,0.36862,0.34296,-0.5565,-0.0574,1.74503,1.49018,1.64036,-0.02501,0.12817,0.12191
W,A,91,2.43747,1.46736,2.01013,0.9371,1.39323,0.69297,0.49617,-0.02097,5.1658,1.67518,1.29768,2.21984,1.33926,1.73079,2.39861,2.94276,2.24516,1.71502,1.83366,2.78455
G,A,92,0.0,-0.95226,-0.45422,-1.35039,-1.18892,-1.41708,-1.24356,-1.39404,2.77773,-0.89115,-0.17013,-0.24842,-0.70318,-0.85139,-1.14198,-0.07161,-0.61424,-1.40591,-1.6036,-0.45436
E,A,103,1.74062,0.79746,-0.23316,-0.65153,-0.94255,-0.83415,3.6407,7.32138,-0.24829,1.61646,1.85472,1.02358,5.12952,1.32289,1.33789,1.73706,-0.20256,0.11134,1.21303,5.15964
A,A,104,-0.15382,-0.0,-0.08292,-0.0451,0.06971,0.17006,0.1206,0.39015,1.28301,0.0154,-0.16782,-0.04156,0.11435,0.03656,-0.22626,-0.3781,-0.07349,-0.54665,-0.39161,0.23444
N,A,105,0.54365,-0.213,0.07833,-0.56748,-0.54407,-0.12186,-0.59362,-0.53454,-1.24108,0.21378,0.18226,0.20363,-0.42285,-0.00827,-0.94137,0.16555,-0.1972,-0.77719,-0.69904,-0.52397
Q,A,106,0.68195,0.33979,-0.03679,-0.54125,-0.49436,-0.36269,-0.11543,0.03862,0.81567,0.9174,0.22581,0.4554,-0.08986,0.62532,-0.03034,0.50866,-0.2286,-0.71442,-0.7212,0.67147
S,A,107,1.13808,0.66363,-0.15894,-1.08298,-0.37586,0.14504,0.90016,2.42781,3.30737,-0.06789,0.02316,0.32452,1.01606,-0.60834,0.40633,1.10643,0.99437,0.11385,0.26893,1.31555
T,A,108,1.98663,1.40492,3.12803,1.4052,4.11994,1.64135,1.18953,1.71968,-0.29639,0.13235,0.02236,1.9796,1.23806,0.72407,1.68876,0.01818,0.37148,1.86689,1.75857,1.16719
N,A,111,1.8093,0.9282,1.68577,0.68588,1.22184,0.95542,0.92066,1.52497,2.99961,1.23484,1.18248,1.66679,1.17921,-0.01627,0.50986,0.47434,0.75869,1.01448,1.26078,0.99807
E,A,114,1.23004,0.26067,0.00657,-0.63257,-0.53137,-0.39474,-0.26644,0.21746,3.0913,0.9919,1.02131,0.67539,-0.15114,0.2031,0.20577,0.58564,-0.03083,-0.05671,0.19208,0.24201
R,A,115,3.3561,1.95262,1.71386,0.92414,1.03091,0.69597,1.07025,1.53445,4.84869,2.10061,2.23928,2.38515,1.28755,1.72015,1.3087,2.59968,1.86108,1.10063,-0.00817,1.61923
K,A,117,3.01154,1.81367,2.49664,-0.36518,2.40021,0.14524,0.88345,0.69496,6.52923,2.01432,2.20339,2.14828,1.3237,2.7029,1.68732,3.2537,1.9743,-0.03651,1.24255,2.23818
T,A,118,0.2351,-0.5216,-0.22028,-0.82316,-0.83775,-1.14537,-1.16032,-0.88548,2.46989,-0.53414,-0.00025,0.12062,-1.16978,-0.45262,-0.78128,-0.14921,-0.59775,-0.64649,-0.61501,-0.17686
R,A,121,1.78677,0.86811,1.01458,-0.91603,0.20231,-0.77428,-0.52836,-0.75778,4.24509,0.94945,0.81739,0.93921,0.31915,0.34014,0.45392,1.18217,0.33953,-0.05361,-0.05881,0.79533
K,A,123,1.82516,0.38189,-0.68539,-1.54601,-1.67376,-1.66028,-1.61379,-0.48888,4.28455,0.94222,0.6584,0.87285,-1.27652,0.36814,-0.0103,1.41414,0.54768,-0.03681,0.13747,-0.22235
Y,A,124,2.34414,1.03257,0.79128,-0.46611,-0.2309,-0.37009,0.38283,0.00268,4.66885,1.99767,1.41714,1.61517,-0.01519,1.81867,0.89078,1.55099,1.22488,0.03958,1.14571,1.56564
S,A,125,1.54576,0.02869,0.38876,-0.35108,-0.28412,-0.46129,-0.12484,-0.11632,3.44472,0.00136,0.77872,0.75552,-0.0607,0.13008,0.04513,0.56675,0.74406,-0.16029,0.09134,0.35461
K,A,126,0.1585,0.03529,1.28916,0.0074,0.89339,-0.07846,0.06229,0.64646,3.61689,-0.26419,0.68925,0.20491,0.16734,0.57806,-0.02732,1.15226,0.4734,-0.03122,-0.47389,-0.02328
C,A,127,5.51068,4.65654,6.02296,4.8995,5.55329,4.95623,6.90737,4.77501,8.05622,4.35013,5.41713,-0.00598,8.17583,7.54314,7.1736,8.33946,6.85896,6.1457,6.4291,10.35731
S,A,128,0.43286,0.3782,0.03038,-0.5333,-0.06318,-0.80486,-0.9029,-0.42336,3.27118,-0.00495,-0.13735,-0.27491,-0.72322,-0.36353,-0.10937,0.34901,0.04441,-0.64632,-0.35426,-0.56006
